{
  "best_epoch": 5,
  "best_macro_f1": 0.3473182574779004,
  "final_val": {
    "acc": 0.5466696619117152,
    "macro_f1": 0.3473182574779004
  },
  "extra_eval": {
    "acc": 0.5338012178759418,
    "macro_f1": 0.33854362982446506
  },
  "job_cfg": {
    "train_csv": "../data/monthly/BTCUSDT_book_2501_1min.csv.gz",
    "eval_csv": "../data/monthly/BTCUSDT_book_2502_1min.csv.gz",
    "seq_len": 100,
    "horizon_steps": 20,
    "smooth_len": 5,
    "epsilon_mode": "avg_spread",
    "epsilon_scale": 1.0,
    "d_model": 1024,
    "n_layers": 5,
    "n_heads": 4,
    "epochs": 20,
    "batch_size": 128,
    "lr": 0.0001,
    "val_ratio": 0.2,
    "seed": 42,
    "device": "cuda:0",
    "out_dir": "logs/sweep/20250922_191216/L5-H1024-K4-S100-hor20-W5-epsavg_spread-1.0-seed42"
  }
}