{
  "best_epoch": 6,
  "best_macro_f1": 0.36587151404342405,
  "final_val": {
    "acc": 0.5587871982032566,
    "macro_f1": 0.36587151404342405
  },
  "extra_eval": {
    "acc": 0.5495795284527679,
    "macro_f1": 0.3607584226759006
  },
  "job_cfg": {
    "train_csv": "../data/monthly/BTCUSDT_book_2501_1min.csv.gz",
    "eval_csv": "../data/monthly/BTCUSDT_book_2502_1min.csv.gz",
    "seq_len": 100,
    "horizon_steps": 10,
    "smooth_len": 5,
    "epsilon_mode": "avg_spread",
    "epsilon_scale": 5.0,
    "d_model": 256,
    "n_layers": 5,
    "n_heads": 4,
    "epochs": 20,
    "batch_size": 128,
    "lr": 0.0001,
    "val_ratio": 0.2,
    "seed": 43,
    "device": "cuda:1",
    "out_dir": "logs/sweep/20250922_191216/L5-H256-K4-S100-hor10-W5-epsavg_spread-5.0-seed43"
  }
}