{
  "best_epoch": 2,
  "best_macro_f1": 0.37469181541779745,
  "final_val": {
    "acc": 0.5633913531723751,
    "macro_f1": 0.37469181541779745
  },
  "extra_eval": {
    "acc": 0.5619357168652943,
    "macro_f1": 0.3745373755929268
  },
  "job_cfg": {
    "train_csv": "../data/monthly/BTCUSDT_book_2501_1min.csv.gz",
    "eval_csv": "../data/monthly/BTCUSDT_book_2502_1min.csv.gz",
    "seq_len": 100,
    "horizon_steps": 10,
    "smooth_len": 5,
    "epsilon_mode": "avg_spread",
    "epsilon_scale": 5.0,
    "d_model": 256,
    "n_layers": 5,
    "n_heads": 4,
    "epochs": 20,
    "batch_size": 128,
    "lr": 0.0001,
    "val_ratio": 0.2,
    "seed": 42,
    "device": "cuda:0",
    "out_dir": "logs/sweep/20250922_191216/L5-H256-K4-S100-hor10-W5-epsavg_spread-5.0-seed42"
  }
}