{
  "best_epoch": 6,
  "best_macro_f1": 0.35804597701149427,
  "final_val": {
    "acc": 0.5377877596855699,
    "macro_f1": 0.35804597701149427
  },
  "extra_eval": {
    "acc": 0.5481349636279214,
    "macro_f1": 0.3650073132440868
  },
  "job_cfg": {
    "train_csv": "../data/monthly/BTCUSDT_book_2501_1min.csv.gz",
    "eval_csv": "../data/monthly/BTCUSDT_book_2502_1min.csv.gz",
    "seq_len": 100,
    "horizon_steps": 10,
    "smooth_len": 5,
    "epsilon_mode": "avg_spread",
    "epsilon_scale": 1.0,
    "d_model": 256,
    "n_layers": 10,
    "n_heads": 4,
    "epochs": 20,
    "batch_size": 128,
    "lr": 0.0001,
    "val_ratio": 0.2,
    "seed": 42,
    "device": "cuda:0",
    "out_dir": "logs/sweep/20250922_191216/L10-H256-K4-S100-hor10-W5-epsavg_spread-1.0-seed42"
  }
}