{
  "best_epoch": 3,
  "best_macro_f1": 0.3865781762501211,
  "final_val": {
    "acc": 0.5778854857076119,
    "macro_f1": 0.3865781762501211
  },
  "extra_eval": {
    "acc": 0.5776624893320756,
    "macro_f1": 0.38623327627964565
  },
  "job_cfg": {
    "train_csv": "../data/merged/2501-04.csv.gz",
    "eval_csv": "../data/monthly/2505.csv.gz",
    "seq_len": 100,
    "horizon_steps": 10,
    "smooth_len": 5,
    "epsilon_mode": "avg_spread",
    "epsilon_scale": 10.0,
    "d_model": 1024,
    "n_layers": 2,
    "n_heads": 4,
    "epochs": 20,
    "batch_size": 128,
    "lr": 0.0001,
    "val_ratio": 0.2,
    "seed": 42,
    "device": "cuda:0",
    "out_dir": "logs/sweep/20250922_221932/L2-H1024-K4-S100-hor10-W5-epsavg_spread-10.0-seed42"
  }
}